,Template,Frequency,Class
0,[N:1]-[C:2]>>[N:1].F-C(-F)(-F)-C-O-[C:2]_10_00_00,1,1
1,[Sn:1]-[c:2]>>[Sn:1].Br-[c:2]_10_00_00,1,2
2,[N:1]-[C:2]>>[N:1].C-C-C-C-C-C-C-C-C-C-C-C-C-C-C-C-C-C-C-C-C(=O)-O-[C:2]_10_00_00,1,3
3,[c:1]-[Cl:2]>>O-[c:1].Cl-C(-Cl)(-Cl)-[Cl:2]_00_00_00,1,4
4,[N:1]-[C:2]>>[N:1].C-C(-C)-C-O-[C:2]_10_00_00,1,5
5,[O:1]-[C:2]>>[O:1].Cl-[C:2]_10_00_02,1,6
6,[c:1]-[c:2]>>Br-[c:1].C-C1-O-B(-[c:2])-O-C-1-C_00_00_00,1,7
7,[C:1]-[C:2]>>I-[C:1].I-[C:2]_00_00_00,1,8
8,[c:1]-[c:2]>>Cl-[c:1].Cl-[c:2]_00_00_00,1,9
9,[S:1]=[O:2]>>[S:1].O=C-O-[O:2]_01_00_00,1,10
10,[N:1]-[C:2]>>[N:1].C-C-O-C(=O)-O-[C:2]_10_00_00,1,11
11,[C:1]-[C:2]-[C:3]=[N:4]>>[c:1]:[c:2]:[c:3]:[n:4]_-1-100_0000_0000,1,12
12,[C:1]1-[C:2]-[N:3]-[C:4]-[C:5]-[N:6]-1>>[c:1]1:[c:2]:[n:3]:[c:4]:[c:5]:[n:6]:1_-1-1-1-1-1-1_000000_000000,1,13
13,[C:1]-[P:3]=[O:2]>>I-[C:1].C-C-[O:2]-[P:3]_000_000_000,1,14
14,[c:1]1:[c:2]:[o:5]:[n:4]:[c:3]:1>>[C:1]#[C:2].[C:3]=[N:4]/[O:5]_00101_00000_00000,1,15
15,[N:1]-[C:2]>>[N:1].C-C-C-O-[C:2]_10_00_00,1,16
16,[N:1]-[C:2]>>[N:1].C-C(-Cl)-O-[C:2]_10_00_00,1,17
17,[C:1]=[C:2]>>O=[C:1].C-[P+](-C)(-C)-[C:2]_01_00_00,1,18
18,[O:1]-[c:2]>>[O:1].I-[c:2]_00_-10_00,1,19
19,[N:2]-[C:3]-[C:4]-[c:1]>>[c:1].[N:2].C-O-[C:3]-[C:4]_1101_0000_0000,1,20
20,[N:1]-[C:2]>>[N:1].C-C-C-C-C-C-C-C-C-C-C-C-O-[C:2]_10_00_00,1,21
21,[c:1]-[C:3]-[n:2]>>[c:1].[n:2].O=[C:3]_110_000_000,1,22
22,[c:5]1:[c:4]:[n:3]:[c:2]:[n:1]:[c:6]:1>>[N:1]-[C:2]=[N:3].O=[C:4]-[C:5]-[C:6]=O_201010_000000_000000,1,23
23,[C:1]-[C:2]>>[C:1]-[Mg+].Br-[C:2]_00_00_00,1,24
24,[c:1]-[c:2]>>Br-[c:1].[c:2]-B1-O-C-C-N(-c2:c:c:c:c:c:2)-C-C-O-1_00_00_00,1,25
25,[c:1]-[C:2]>>Cl-[c:1].C=C-B1-O-B(-[C:2])-O-B(-C=C)-O-1_00_00_00,1,26
26,[O:3].[C:1]=[C:2]>>[C:1].O=[C:2].C-C-C(=O)-[O:3]_20-1_000_000,1,27
27,[c:1]-[c:2]>>I-[c:1].C-C1(-C)-C-O-B(-[c:2])-O-C-1_00_00_00,1,28
28,[C:1]-[C:2]-[N:3]=[C:4]>>[c:1]:[c:2]:[n:3]:[c:4]_-1-100_0000_0000,1,29
29,[N:1]-[C:2]>>[N:1].C-C-C-C-C-C-C-C-C(=O)-O-[C:2]_10_00_00,1,30
30,[C:1]-[c:2]>>Cl-[C:1].Cl-[c:2]_00_00_00,1,31
31,[o:1]:[c:2]>>[O:1].Cl-[c:2]_10_00_00,1,32
32,[N:1]-[C:2]>>[N:1].Cl-C(-F)(-F)-C(=O)-O-[C:2]_10_00_00,1,33
33,[N:1]-[C:2]>>[N:1].O=C(-O-[C:2])-O-C-c1:c:c:c:c:c:1_10_00_00,1,34
34,[c:4]-[N:2]-[C:3]=[O:1]>>[O:1]-[N:2]=[C:3]-[c:4]_1-100_0000_0000,1,35
35,[c:5]1:[n:6]:[c:3]:[c:2]:[c:1]:[n:4]:1>>O=[C:1]-[C:2].C-O-[C:3](-O-C)-N(-C)-C.[N:4]-[C:5]=[N:6]_020201_000000_000000,1,36
36,[N:1]-[C:2]>>[N:1].Cl-C(-Cl)(-Cl)-O-[C:2]_10_00_00,1,37
37,[N:1]-[C:2]>>[N:1].O-B(-O)-[C:2]_10_00_00,1,38
38,[N:1]-[C:2]>>[N:1].Br-[C:2]_10_00_02,1,39
39,[C:1]1-[C:3]-[C:2]-1>>[C:1]=[C:2].C-[S+](-C)(=O)-[C:3]_001_000_000,1,40
40,[c:1]-[C:2]>>Br-[c:1].C-C1-C-C(-C)(-C)-O-B(-[C:2])-O-1_00_00_00,1,41
41,[c:1]:[c:3]:[c:4]:[c:5]:[n:2]>>[c:1].[N:2].C-C-O-[C:3]-[C:4]-[C:5]=O_11010_00000_00000,1,42
42,[c:1]-[C:2]-[O:3]>>Br-[c:1].[C:2]=[O:3]_00-1_000_000,1,43
43,[c:1]-[C:2]>>Br-[c:1].C-C(-C)-O-B(-[C:2])-O-C(-C)-C_00_00_00,1,44
44,[C:1]-[C:2]>>[C:1].C-S(=O)(=O)-O-[C:2]_00_-10_01,1,45
45,[C:1]-[C:2]>>[C:1]-[Cu].Cl-[C:2]_00_00_00,1,46
46,[c:1]-[C:2]>>Cl-[c:1].C-N(-C)-[C:2]_00_00_00,1,47
47,[c:2]1:[c:3]:[n:5]:[n:4]:[n:1]:1>>[N:1].[C:2]#[C:3].C-[Si](-C)(-C)-N=[N:4]=[N:5]_20000_0001-1_00000,1,48
48,[N:1]-[C:2]>>[N:1].C=C1-C-N-C(-O-[C:2])-O-1_10_00_00,1,49
49,[c:1]-[Sn:2]>>[c:1].Br-[Sn:2]_10_00_00,1,50
50,[C:1]-[C:2]>>O-B(-O)-[C:1].F-C(-F)(-F)-S(=O)(=O)-O-[C:2]_00_00_00,1,51
51,[C:1]-[S:3]=[O:2]>>I-[C:1].[O:2]-[S:3]_010_000_000,1,52
52,[C:3]-[C:4](-[N:1])-[C:2](-[C:5])-[C:6]>>[N:1].O=[C:2](-[C:3])-[C:4](-[C:5])-[C:6]_1-10000_000000_000000,1,53
53,[O:1]=[P:2]>>C-C-C-C-C(-Cl)=[O:1].O-c1:c:c:c(-[N+](=O)-[O-]):c:c:1-C-[P:2]_00_01_00,1,54
54,[O:1]-[C:2]>>[O:1].C-S(=O)(=O)-O-[C:2]_00_-10_02,1,55
55,[C:9]-[C:3](-[N:7])-[C:5]-[C:11].[C:1]-[C:10]-[C:8](-[N:4])-[C:2]-[C:6]>>[C:1]-[C:2]-[C:3](-[N:4])-[C:5]-[C:6].C-C(-C)(-C)-O-C(=O)-[N:7]-[C:8](-[C:9])-[C:10]-[C:11]_000000-10000_00000000000_00000001000,1,56
56,[C:6]-[N:11]-[C:18](-[C:10])-[C:8]-[N:7]-[C:12].[C:1]-[C:17]-[C:9](-[C:4])-[N:5]-[C:3]1-[C:2]-[C:15]-[O:16]-[C:14]-[C:13]-1-[O:19]>>[C:1]-[C:2]-[C:3](-[C:4])-[N:5].[C:6]-[N:7]-[C:8]-[C:9](-[C:10])-[N:11]-[C:12].O=[C:13]1-[C:14]-[C:15]-[O:16]-[C:17]-[C:18]-1-[O:19]_000010000000-1000000_0000000000000000000_0010000000000000000,1,57
57,[c:1]-[c:2]>>Br-[c:1].Br-[Zn]-[c:2]_00_00_00,1,58
58,[c:4]1:[n:5]:[c:1]:[c:2]:[n:3]:1>>Br-[C:1]-[C:2]=O.[N:3]-[C:4]=[N:5]_10200_00000_00000,1,59
59,[C:1]-[N:2]>>Cl-[C:1].O=C1-[N:2]-C(=O)-c2:c:c:c:c:c:2-1_0-1_00_00,1,60
60,[C:1]-[C:2]>>C-C1(-C)-O-B(-[C:1])-O-C-1(-C)-C.F-C(-F)(-F)-S(=O)(=O)-O-[C:2]_00_00_00,1,61
61,[C:1]-[C:2]>>Cl-[C:1].[C:2]-[Zn+]_00_00_00,1,62
62,[c:1]-[C:2]>>[Mg+]-[c:1].Br-[C:2]_00_00_00,1,63
63,[c:1]-[c:2]>>Br-[c:1].[c:2]-B1-O-C-C-O-1_00_00_00,1,64
64,[c:1]-[C:2]>>Br-[c:1].C-C-[Si](-[C:2])(-C-C)-C-C_00_00_00,1,65
65,[O:2]=[N:1]-[O:3]>>[N:1].[O:2]-[O:3]_211_-101_000,1,66
66,[c:2]:[n:4]:[c:3]:[n:1]>>[N:1].C-O-[C:2].O=[C:3]-[N:4]_2001_0000_0000,1,67
67,[C:1].[C:2]=[C:3]>>O=[c:1].[c:2]:[c:3]_-200_000_000,1,68
68,[c:1]-[C:2]-[O:3]>>Br-[Mg]-[c:1].[C:2]=[O:3]_00-1_000_000,1,69
69,[c:2]1:[n:3]:[c:6]:[c:5]:[c:4]:[n:1]:1>>[N:1]-[C:2]=[N:3].O=[C:4]-[C:5]-[C:6]=O_201010_000000_000000,1,70
70,[C:1]=[C:2]1-[C:3]-[C:4]-[C:5]=[C:6]-1-[C:7](=[N:8])-[C:9]=[N:10]>>[c:1]:[c:2]1:[c:3]:[c:4]:[c:5]:[c:6]:1:[c:7](:[n:8]):[c:9]:[n:10]_00-1-1000000_0000000000_0000000000,1,71
71,[C:1]-[C:2]>>Br-[C:1].Cl-[C:2]_00_00_00,1,72
72,[c:3]1:[c:2]:[c:1]:[n:4]:[c:5]:[n:6]:1>>O=[C:1]-[C:2].C-O-[C:3](-O-C)-N(-C)-C.[N:4]-[C:5]=[N:6]_020201_000000_000000,1,73
73,[N:1]-[C:2]>>[N:1].F-C(-F)-C(=O)-O-[C:2]_10_00_00,1,74
74,[C:1]-[N:2]>>[c:1]:[n:2]_-1-1_00_00,1,75
75,[C:2]-[C:8]-[C:10]1-[C:7]-[C:9]-[C:5](-[C:4])-[C:6]-[C:3]-1-[N:11]-[C:1]>>Cl-[C:1].[C:2]-[C:3](-[C:4])-[C:5]1-[C:6]-[C:7]-[C:8]-[C:9]-[C:10]-1-[N:11]_00000000001_00000000000_00000000000,1,76
76,[c:1]-[c:2]>>Br-[c:1].C-C(-C)-O-B(-[c:2])-O-C(-C)-C_00_00_00,1,77
77,[n:1]:[c:2]>>[N:1].Br-[c:2]_10_00_00,1,78
78,[c:1]-[c:2]>>Cl-[c:1].C-C1(-C)-C-O-B(-[c:2])-O-C-1_00_00_00,1,79
79,[O:4]-[C:3]-[C:2]=[C:1]>>[c:1]:[c:2]:[c:3]=[O:4]_00-1-1_0000_0000,1,80
80,[O:1]-[C:2]>>[O:1].I-[C:2]_00_-10_00,1,81
81,[C:1]-[C:2]>>I-[C:1].[C:2]-[Mg+]_00_00_00,1,82
82,[N:1]-[C:2]>>[N:1].C-C-C-C-C(=O)-O-[C:2]_10_00_00,1,83
83,[c:1]-[C:2]>>Cl-[c:1].Br-[C:2]_00_00_00,1,84
84,[c:2]:[n:4]:[c:3]:[n:1]>>[N:1].C-C-O-[C:2].O=[C:3]-[N:4]_2001_0000_0000,1,85
85,[C:1]-[C:2]>>Br-[C:1].C-N(-C)-[C:2]_00_00_00,1,86
86,[O:4]-[c:3](:[n:2]):[c:5]:[c:6]:[c:1]>>[c:1].[N:2].C-C-O-[C:3](=[O:4])-[C:5]-[C:6]=O_120-110_000000_000000,1,87
87,[C:1]-[N:3]-[N:4]=[C:2]>>Cl-[C:1].O=[C:2].[N:3]-[N:4]_0012_0000_0000,1,88
88,[c:1]-[B:2]>>Cl-[c:1].C-C1(-C)-O-B(-[B:2])-O-C-1(-C)-C_00_00_00,1,89
89,[c:1]-[S:3]=[O:2]>>F-[c:1].[O:2]-[S:3]_000_0-10_000,1,90
90,[C:1]-[P:3]=[O:2]>>Br-[C:1].C-C(-C)-[O:2]-[P:3]_000_000_000,1,91
91,[c:1]1:[c:2]:[n:3]:[n:4]:[n:5]:1>>[C:1]#[C:2].C-[Si](-C)(-C)-[N:3]=[N:4]=[N:5]_00-100_0001-1_00000,1,92
92,[c:3]:[c:4].[c:1]=[O:2]>>[C:1]-[O:2].[C:3]=[C:4]_1100_0000_0000,1,93
93,[c:4]1:[c:5]:[c:6]:[n:3]:[c:2]:[n:1]:1>>[N:1]-[C:2]=[N:3].O=[C:4]-[C:5]-[C:6]=O_201010_000000_000000,1,94
94,[N:1]-[C:2]>>[N:1].F-[C:2]_00_-10_00,1,95
95,[C:1]-[C:2]>>Br-[C:1].C-O-N(-C)-[C:2]_00_00_00,1,96
96,[n:1]-[C:2]>>[n:1].C-C-O-[C:2]_10_00_00,1,97
97,[n:1]-[C:2]>>[n:1].Cl-[C:2]_10_00_01,1,98
98,[B:1]-[c:2]>>C-C1(-C)-O-B(-[B:1])-O-C-1(-C)-C.F-C(-F)(-F)-S(=O)(=O)-O-[c:2]_00_00_00,1,99
99,[c:1]-[Sn:2]>>Br-[c:1].C-C-C-C-[Sn](-[Sn:2])(-C-C-C-C)-C-C-C-C_00_00_00,1,100
100,[C:5]-[C:2](-[O:6])-[C:4](-[C:3])-[N:1]>>[N:1].O=[C:2](-[C:3])-[C:4](-[C:5])-[O:6]_1-10000_000000_000000,1,101
101,[c:1]-[c:2]>>I-[c:1].C-C(-C)-O-B(-[c:2])-O-C(-C)-C_00_00_00,1,102
102,[c:1]-[C:2]>>Cl-[c:1].Cl-[C:2]_00_00_00,1,103
103,[o:1]:[n:2]:[c:3]>>[O:1].C-C(=O)-O/[N:2]=[C:3]_100_000_000,1,104
104,[C:1]=[O:2]>>Br-[C:1].C-[N+](-C)(-C)-[O:2]_10_0-1_00,1,105
105,[c:1]1:[c:2]:[n:3]:[c:4]:[n:5]:1>>Br-[C:1]-[C:2]=O.[N:3]-[C:4]=[N:5]_10101_00000_00000,1,106
106,[c:1]-[C:2]>>I-[c:1].Cl-[C:2]_00_00_00,1,107
107,[C:1]-[C:2]>>Br-[C:1].Br-[C:2]_00_00_00,1,108
108,[O:3].[C:1]=[C:2]>>[C:1].O=[C:2].C-C(=O)-[O:3]_20-1_000_000,1,109
109,[C:1]-[C:2]-[O:3]>>Br-[C:1].[C:2]=[O:3]_00-1_000_200,1,110
110,[N:1]-[C:7]1-[C:8]-[C:13]-[C:11]2(-[O:6])-[C:2]3-[C:3]-[c:9]:[c:10]-[C:5]-2(-[C:4]-[C:14]-[N:15]-3)-[C:12]-1>>[N:1].O=[C:2]1-[C:3]-[C:4]-[C:5]2(-[O:6])-[C:7]3-[C:8]-[c:9]:[c:10]-[C:11]-2(-[C:12]-1)-[C:13]-[C:14]-[N:15]-3_1-10000000000000_000000000000000_000000100010000,1,111
111,[C:1]-[C:2]>>[C:1].C-C-O-[C:2]_10_00_00,1,112
112,[C:1]-[c:2]>>Cl-[C:1].I-[Zn]-[c:2]_00_00_00,1,113
113,[n:1]-[C:2]>>[n:1].Br-[C:2]_00_-10_00,1,114
114,[n:1]-[O:2]>>[n:1].C-C(=O)-O-[O:2]_01_-11_00,1,115
115,[c:1]-[c:2]>>Br-[c:1].[Zn+]-[c:2]_00_00_00,1,116
116,[N:1]-[C:2]>>[N:1].C-C-C-C-C-C(=O)-O-[C:2]_10_00_00,1,117
117,[c:1]1:[c:2]:[n:3]:[n:4]:[n:5]:1>>[C:1]#[C:2].[N:3]=[N:4]=[N:5]_0000-1_00-11-1_00000,1,118
118,[B:1]-[C:2]>>C-C1(-C)-O-B(-[B:1])-O-C-1(-C)-C.F-C(-F)(-F)-S(=O)(=O)-O-[C:2]_00_00_00,1,119
119,[c:1]-[c:2]>>Br-[c:1].O=C(-[O-])-C1-C=C-O-B(-[c:2])-O-1_00_00_00,1,120
120,[c:1]:[n:3]:[c:2]>>Cl-[c:1].[C:2]=[N:3]_001_000_000,1,121
121,[C:3]=[C:4]-[O:5]-[P:2]=[O:1]>>C-C-[O:1]-[P:2].Cl-[C:3]-[C:4]=[O:5]_00000_00000_00000,1,122
122,[C:1]-[c:2]>>Cl-[C:1].C-[Si](-C)(-C)-[c:2]_00_00_00,1,123
123,[c:5]1:[c:1]:[c:2]:[o:3]:[n:4]:1>>[C:1]#[C:2].[O:3]-[N:4]=[C:5]_00101_00000_00000,1,124
124,[N:1]-[C:2]>>[N:1].O=C(-O-[C:2])-C1-C-C-1_10_00_00,1,125
125,[N:1]-[C:2]>>[N:1].C-C(-C)(-C-O-[C:2])-N-S(=O)(=O)-C(-F)(-F)-F_10_00_00,1,126
126,[N:1]-[C:2]>>[N:1].Br-C-C(=O)-O-[C:2]_10_00_00,1,127
127,[O:1]-[c:2]>>[O:1].C-S(=O)(=O)-O-[c:2]_10_00_00,1,128
128,[c:1]-[S:3]=[O:2]>>Cl-[c:1].[O:2]-[S:3]_010_000_000,1,129
129,[C:1]1-[C:2]-[O:3]-1>>[C:1]=[C:2].O=S(-[O-])-O-[O:3]_001_000_000,1,130
130,[N:1]-[c:2]>>[N:1].F-c1:c:c:c(-B2-O-B(-[c:2])-O-B(-c3:c:c:c(-F):c:c:3)-O-2):c:c:1_10_00_00,1,131
131,[c:1]1:[c:2]:[c:3]:[n:4]:[n:5]:1>>[C:1]#[C:2].[C:3]=[N:4]=[N:5]_0010-1_0001-1_00000,1,132
132,[N:1]-[C:2]>>[N:1].C-C-C-C(=O)-O-[C:2]_10_00_00,1,133
133,[C:5]-[C:1](-[c:6])-[C:4](-[C:2])-[N:3]>>C-O-C(=O)-[C:1](-[C:2])(-[N:3])-[C:4](-[C:5])-[c:6]_-100000_000000_000000,1,134
134,[c:1]-[c:2]>>Cl-[c:1].I-[c:2]_00_00_00,1,135
135,[N:1]-[C:2]>>[N:1].C-O-N=C(-C(=O)-O-[C:2])-c1:c:s:c(-N-C(-c2:c:c:c:c:c:2)(-c2:c:c:c:c:c:2)-c2:c:c:c:c:c:2):n:1_10_00_00,1,136
136,[C:1]1-[C:2]-[C:3]=[C:4]-[C:5]=[C:6]-1>>[c:1]1:[c:2]:[c:3]:[c:4]:[c:5]:[c:6]:1_-1-10000_000000_000000,1,137
137,[c:1]:[c:3]:[c:4]:[c:5]:[n:2]>>[c:1].[N:2].O=[C:3]-[C:4]=[C:5]_12001_00000_00000,1,138
138,[c:2]1:[c:1]:[n:5]:[c:4]:[n:3]:1>>Br-[C:1]-[C:2]=O.[N:3]-[C:4]=[N:5]_10200_00000_00000,1,139
139,[N:1]-[C:2]>>[N:1].C-O-c1:c:c(-c2:n:c:n(/C=C\C(=O)-O-[C:2]):n:2):c:c(-C(-F)(-F)-F):c:1_10_00_00,1,140
140,[C:2]-[C:5](-[C:4])-[C:3](-[C:1])-[O:6]>>[C:1]-[Mg+].[C:2]-[C:3](-[C:4])-[C:5]=[O:6]_00000-1_000000_000000,1,141
141,[c:1]-[C:2]>>[c:1].F-[C:2]_10_00_01,1,142
142,[C:1]-[C:2]>>[C:1].C-O-[C:2]_10_00_00,1,143
143,[C:1]-[c:2]>>Br-[C:1].C-[Sn](-C)(-C)-[c:2]_00_00_00,1,144
144,[C:1]-[C:2]>>[C:1].F-C(-F)(-F)-S(=O)(=O)-O-[C:2]_10_00_00,1,145
145,[C:2]1-[C:1]-[O:3]-1>>C-[S+](-C)-[C:1].[C:2]=[O:3]_100_000_000,1,146
146,[Cl:1]-[C:3]-[C:4]-[Cl:2]>>[Cl:1]-[Cl:2].[C:3]=[C:4]_0000_0000_0000,1,147
147,[C:1]=[C:2]>>O=[C:1].F-C(-F)(-F)-C-O-P(=O)(-[C:2])-O-C-C(-F)(-F)-F_01_00_00,1,148
148,[C:1]-[c:2]>>Br-[C:1].C-C1(-C)-C-O-B(-[c:2])-O-C-1_00_00_00,1,149
149,[C:1]-[C:2]>>Cl-[C:1].C-[Si](-C)(-C)-[C:2]_00_00_00,1,150
150,[c:1]=[C:2]>>[C:1].O=[C:2]_20_00_00,1,151
151,[N:1]-[C:2]>>[N:1].I-C-C(=O)-O-[C:2]_10_00_00,1,152
152,[c:2]1:[c:3]:[n:5]:[n:4]:[n:1]:1>>[N:1].[C:2]#[C:3].F-C(-F)(-F)-S(=O)(=O)-N=[N:4]=[N:5]_20000_0001-1_00000,1,153
153,[N:1]-[C:2]>>[N:1].C-C(-C)(-C)-O-[C:2]_20_10_00,1,154
154,[C:1]-[C:2]>>I-[C:1].[C:2]-[Cu]_00_00_00,1,155
155,[C:1]-[C:2]>>Cl-[C:1].C-C-C-C-[Sn](-[C:2])(-C-C-C-C)-C-C-C-C_00_00_00,1,156
156,[c:1]-[P:3]=[O:2]>>Br-[c:1].C-[O:2]-[P:3]_000_000_000,1,157
157,[n:1]-[C:2]>>[n:1].O-[C:2]_10_00_01,1,158
158,[N:1]-[C:2]>>[N:1].O=[N+](-[O-])-c1:c:c:c(-C-O-[C:2]):c:c:1_10_00_00,1,159
159,[n:1]-[C:2]>>[n:1].C-S(=O)(=O)-O-[C:2]_10_00_01,1,160
160,[n:1]:[c:2]>>[N:1].C-O-[C:2]_10_00_00,1,161
161,[C:1]-[C:2]>>Cl-[C:1].[C:2]-[Cu]_00_00_00,1,162
162,[C:1]-[c:2]>>C-[Si](-C)(-C)-[C:1].F-C(-F)(-F)-S(=O)(=O)-O-[c:2]_00_00_00,1,163
163,[C:1]-[Br:2]>>O-[C:1].Br-C(-Br)(-Br)-[Br:2]_00_00_10,1,164
164,[n:1]-[C:2]>>[n:1].C-S(=O)(=O)-O-[C:2]_10_00_02,1,165
165,[O:1]-[C:3]-[c:2]>>[O:1].[c:2].O=[C:3]_110_000_000,2,166
166,[c:2]:[c:3]:[c:4]:[n:1]>>[N:1].Br-[c:2].[C:3]#[C:4]_1000_0000_0000,2,167
167,[C:2]-[C:3]-[c:1]>>[c:1].[C:2]=[C:3]_1-10_000_000,2,168
168,[c:1]-[Br:2]>>N-[c:1].Br-C(-Br)-[Br:2]_00_00_00,2,169
169,[c:1]1:[c:2]:[o:3]:[n:4]:[c:5]:1>>[C:1]#[C:2].[O:3]-[N:4]=[C:5]_00101_00000_00000,2,170
170,[c:1]-[c:2]>>Cl-[c:1].C-[Sn](-C)(-C)-[c:2]_00_00_00,2,171
171,[c:1]-[c:2]>>F-C(-F)(-F)-S(=O)(=O)-O-[c:1].C-C-C-C-[Sn](-[c:2])(-C-C-C-C)-C-C-C-C_00_00_00,2,172
172,[C:1]-[N:2]>>O=C(-[C:1])-[N:2]_00_00_00,2,173
173,[N:1]-[c:2]>>[N:1].F-[c:2]_00_-10_00,2,174
174,[S:1]-[C:2]>>[S:1].Cl-[C:2]_10_00_02,2,175
175,[C:1]-[C:2]>>Br-[C:1].C-[Si](-C)(-C)-[C:2]_00_00_00,2,176
176,[c:5]1:[c:4]:[n:1]:[c:2]:[n:3]:[c:6]:1>>[N:1]-[C:2]=[N:3].O=[C:4]-[C:5]-[C:6]=O_201010_000000_000000,2,177
177,[c:2]1:[c:1]:[n:5]:[c:4]:[n:3]:1>>Br-[C:1]-[C:2]=O.[N:3]-[C:4]=[N:5]_10101_00000_00000,2,178
178,[c:1]-[c:2]>>Br-[c:1].C-N1-C-C(=O)-O-B(-[c:2])-O-C(=O)-C-1_00_00_00,2,179
179,[S:1]-[C:2]>>[S:1].Br-[C:2]_10_00_01,2,180
180,[c:1]:[n:2]:[n:3]:[c:4]>>F-[c:1].[N:2]-[N:3]=[C:4]_0100_0000_0000,2,181
181,[n:1]:[c:2]>>[N:1].Cl-[c:2]_10_00_00,2,182
182,[S:1]-[c:2]>>[S:1].I-[c:2]_00_-10_00,2,183
183,[c:1]1:[n:2]:[n:5]:[n:4]:[n:3]:1>>[C:1]#[N:2].C-[Si](-C)(-C)-[N:3]=[N:4]=[N:5]_00-100_0001-1_00000,2,184
184,[c:1]-[c:2]>>I-[c:1].[Zn+]-[c:2]_00_00_00,2,185
185,[N:1]-[C:2]>>[N:1].C-C(-C)-C(=O)-O-[C:2]_10_00_00,2,186
186,[N:1]-[C:2]>>[N:1].C-S(=O)(=O)-O-[C:2]_10_00_02,2,187
187,[c:4]1:[c:3]:[c:2]:[n:1]:[c:5]:1>>[N:1].O=[C:2]-[C:3]-[C:4]-[C:5]=O_30110_10000_00000,2,188
188,[C:1]-[C:2]>>[C:1].I-[C:2]_10_00_00,2,189
189,[c:1]1:[c:2]:[n:3]:[n:4]:[n:5]:1>>[C:1]#[C:2].C-[Si](-C)(-C)-[N:3]=[N:4]=[N:5]_0000-1_0001-1_00000,2,190
190,[C:2]-[N:1]-[C:3]-[C:4]>>[N:1].O-[C:2].[C:3]=[C:4]_200-1_0000_0000,2,191
191,[S:1]-[C:2]>>[S:1].I-[C:2]_00_-10_00,2,192
192,[Sn:1]-[c:2]>>Cl-[Sn:1].I-[c:2]_00_00_00,2,193
193,[N:1]-[C:2]>>[N:1].C-S(=O)(=O)-O-[C:2]_10_00_01,2,194
194,[C:1]-[c:2]>>Cl-[C:1].I-[c:2]_00_00_00,2,195
195,[C:1]-[Cl:2]>>O-[C:1].Cl-C(-Cl)(-Cl)-[Cl:2]_00_00_20,2,196
196,[S:1]=[O:2]>>[S:1].Cl-c1:c:c:c:c:c:1-C(=O)-O-[O:2]_01_00_00,2,197
197,[N:1]=[C:2]>>[N:1].S=[C:2]_20_00_00,2,198
198,[c:1]:[c:2]:[c:3]>>Br-[c:1].[C:2]=[C:3]_010_000_000,2,199
199,[C:1]-[P:3]=[O:2]>>Cl-[C:1].C-[O:2]-[P:3]_000_000_000,2,200
200,[c:1]-[C:2]>>Cl-[c:1].I-[C:2]_00_00_00,2,201
201,[c:1]-[C:2]>>I-[c:1].C-B1-O-B(-C)-O-B(-[C:2])-O-1_00_00_00,2,202
202,[c:1]:[n:2]:[c:3]:[n:4]>>O=[C:1].[N:2]\[C:3]=[N:4]_0200_0000_0000,2,203
203,[O:1]-[C:3]-[C:4]-[O:2]>>[O:1].[O:2].O-[C:3]-[C:4]-O_1100_0000_0000,2,204
204,[N:4]-[C:3]-[C:2]=[C:1]>>[c:1]:[c:2]:[c:3]:[n:4]_00-1-1_0000_0000,2,205
205,[c:1]:[n:2]:[c:3]:[c:4]>>C-C-O-[C:1].[N:2]-[C:3]=[C:4]_0100_0000_0000,2,206
206,[c:1]:[n:3]:[n:4]:[c:2]>>Cl-[c:1].O=[C:2].[N:3]-[N:4]_0012_0000_0000,2,207
207,[c:1]1:[n:3]:[n:4]:[n:5]:[n:2]:1>>[C:1]#[N:2].C-[Sn](-C)(-C)-[N:3]=[N:4]=[N:5]_00-100_0001-1_00000,2,208
208,[n:1]:[c:2]>>[N:1].C-C-O-[C:2]_10_00_00,2,209
209,[C:1]-[c:2]>>Cl-[C:1].C-[Sn](-C)(-C)-[c:2]_00_00_00,2,210
210,[c:4]1:[c:3]:[n:1]:[n:2]:[c:5]:1>>[N:1]-[N:2].O=[C:3]-[C:4]-[C:5]=O_12010_00000_00000,2,211
211,[Sn:1]-[C:2]=[C:3]>>[Sn:1].[C:2]#[C:3]_10-1_000_000,2,212
212,[c:1]-[Sn:2]>>Br-[c:1].C-[Sn](-C)(-C)-[Sn:2]_00_00_00,2,213
213,[C:1]-[c:2]>>Br-[C:1].Br-[c:2]_00_00_00,2,214
214,[c:2]1:[n:1]:[s:5]:[c:4]:[c:3]:1>>[N:1]-[C:2]=[C:3]-[C:4]=[S:5]_20000_00000_00000,2,215
215,[N:1]-[C:2]>>[N:1].C-C(=C)-C(=O)-O-[C:2]_10_00_00,2,216
216,[C:1]1-[C:2]-[C:3]-[C:4]=[C:5]-[C:6]-1>>[C:1]=[C:2].[C:3]=[C:4]/[C:5]=[C:6]_000000_000000_000000,2,217
217,[C:2]=[C:3]/[Sn:1]>>[Sn:1].[C:2]#[C:3]_1-10_000_000,2,218
218,[O:6]-[c:4](:[n:5]):[c:3]:[c:2]:[c:1]>>[c:1].O=[C:2]-[C:3]-[C:4](-[N:5])=[O:6]_10101-1_000000_000000,2,219
219,[c:1]-[C:2]>>F-[c:1].[C:2]-[Mg+]_00_00_00,2,220
220,[c:1]:[n:2]:[c:3]:[n:4]>>C-C-O-[C:1].[N:2]=[C:3]\[N:4]_0100_0000_0000,2,221
221,[c:1]:[s:2]:[c:3]:[c:4]>>Cl-[c:1].[S:2]-[C:3]=[C:4]_0100_0000_0000,2,222
222,[C:1]-[P:3]=[O:2]>>Br-[C:1].C-[O:2]-[P:3]_000_000_000,2,223
223,[c:1]-[C:2]>>I-[c:1].C-N(-C)-[C:2]_00_00_00,2,224
224,[c:1]:[n:2]:[n:3]:[c:4]>>C-C-O-[C:1].[N:2]-[N:3]=[C:4]_0100_0000_0000,2,225
225,[C:4]1-[C:3]-[C:1]-[C:2]-[C:6]-[C:5]=1>>[C:1]=[C:2].[C:3]=[C:4]-[C:5]=[C:6]_000000_000000_000000,2,226
226,[C:1]-[C:2]-[O:3]>>Br-[Mg]-[C:1].[C:2]=[O:3]_00-1_000_000,2,227
227,[c:2]1:[c:3]:[c:4]:[s:5]:[n:1]:1>>[N:1]-[C:2]=[C:3]-[C:4]=[S:5]_20000_00000_00000,2,228
228,[C:2]=[C:3].[C:1]-[C:5]-[O:4]>>Br-[C:1].[c:2]:[c:3].[O:4]=[c:5]_000-10_00000_00000,2,229
229,[c:1]-[c:2]>>Br-[c:1].[c:2]-B1-O-C-C-C-O-1_00_00_00,2,230
230,[N:1]-[C:2]>>[N:1].C-C(-C)(-C)-O-C(=O)-O-[C:2]_20_10_00,3,231
231,[c:1]-[C:2]>>Cl-[c:1].[C:2]-[Cu]_00_00_00,3,232
232,[c:1]-[c:2]>>Cl-[c:1].[Zn+]-[c:2]_00_00_00,3,233
233,[C:1]-[C:2]>>Cl-[C:1].[C:2]-[Mg+]_00_00_00,3,234
234,[c:1]:[c:3]:[c:4]:[c:5]:[n:2]>>[c:1].[N:2].C-O-[C:3]-[C:4]-[C:5]=O_11010_00000_00000,3,235
235,[C:1]-[C:2]-[O:3]>>I-[C:1].[C:2]=[O:3]_00-1_000_000,3,236
236,[c:1]-[C:2]>>Br-[c:1].C-C-[Sn](-[C:2])(-C-C)-C-C_00_00_00,3,237
237,[C:1]1-[C:2]-[O:3]-1>>C-[S+](-C)-[C:1].[C:2]=[O:3]_100_000_000,3,238
238,[C:1]-[c:2]>>I-[C:1].I-[c:2]_00_00_00,3,239
239,[c:1]-[c:2]>>Br-[c:1].[Mg+]-[c:2]_00_00_00,3,240
240,[O:1]-[C:2]>>[O:1].Br-[C:2]_10_00_01,3,241
241,[n:1]:[c:3]:[n:2]>>[N:1].[N:2].O=[C:3]_121_000_000,3,242
242,[N:1]-[S:2]>>[N:1].F-[S:2]_10_00_00,3,243
243,[C:1]1-[C:2]-[O:3]-1>>[C:1]=[C:2].C-C(=O)-O-[O:3]_001_000_000,3,244
244,[c:1]1:[n:3]:[n:4]:[n:5]:[n:2]:1>>[C:1]#[N:2].C-C-C-C-[Sn](-C-C-C-C)(-C-C-C-C)-[N:3]=[N:4]=[N:5]_00-100_0001-1_00000,3,245
245,[O:3].[c:1]-[C:2]>>[c:1].[C:2]-[O:3]_10-1_000_000,3,246
246,[C:1]-[C:2]>>Cl-[C:1].Br-[C:2]_00_00_00,3,247
247,[c:2]:[s:3]:[n:1]>>[N:1].[C:2]=[S:3]_200_000_000,3,248
248,[N:1]-[C:2]=[N:3]>>[N:1].[C:2]#[N:3]_10-1_000_000,3,249
249,[C:1]-[S:3]=[O:2]>>Br-[C:1].[O:2]-[S:3]_010_000_000,3,250
250,[n:1]:[c:2]>>[N:1].F-[c:2]_10_00_00,3,251
251,[O:3]-[C:4].[C:1]=[C:2]>>[c:1]:[c:2].[O:3]=[c:4]_00-1-1_0000_0000,3,252
252,[c:1]-[c:2]>>Cl-[c:1].[Mg+]-[c:2]_00_00_00,3,253
253,[n:1]:[c:2]>>[N:1].O=[C:2]_20_00_00,3,254
254,[c:1]-[C:2]>>Br-[c:1].Br-[Zn]-[C:2]_00_00_00,3,255
255,[C:2]-[C:3]-[Cl:1]>>[Cl:1].[C:2]=[C:3]_1-10_000_000,3,256
256,[N:1]-[C:2]>>[N:1].[C:2]-O-C-c1:c:c:c:c:c:1_10_00_00,3,257
257,[C:2]-[N:1]-[C:3]>>[N:1].Cl-[C:2].Br-[C:3]_200_000_000,3,258
258,[C:2]1-[C:3]-[O:1]-1>>C-C(-C)(-C)-O-[O:1].[C:2]=[C:3]_100_000_000,3,259
259,[C:1]-[c:2]>>Cl-[C:1].C-C1(-C)-O-B(-[c:2])-O-C-1(-C)-C_00_00_00,3,260
260,[C:2]-[N:1]-[C:3]>>[N:1].I-[C:2].I-[C:3]_200_000_000,3,261
261,[O:1]-[C:2]>>[O:1].F-[C:2]_10_00_00,3,262
262,[O:1]-[C:2]>>[O:1].C-S(=O)(=O)-O-[C:2]_10_00_02,3,263
263,[N:4]-[C:3](-[N:1])=[S:2]>>[N:1].[S:2]-[C:3]#[N:4]_100-2_0-100_0000,3,264
264,[c:1]-[C:2]>>Br-[c:1].C=C-B1-O-B(-[C:2])-O-B(-C=C)-O-1_00_00_00,3,265
265,[N:4]-[c:3](:[n:1]):[n:2]>>[N:1].[N:2].S=[C:3]=[N:4]_210-1_0000_0000,3,266
266,[c:4]1:[c:3]:[n:1]:[n:2]:[c:5]:1>>[N:1]-[N:2].O=[C:3]-[C:4]-[C:5]=O_21010_00000_00000,4,267
267,[c:1]-[C:2]>>I-[c:1].C-O-N(-C)-[C:2]_00_00_00,4,268
268,[c:1]-[C:2]>>I-[c:1].[C:2]-[Zn+]_00_00_00,4,269
269,[N:1]-[C:2]>>[N:1].O-[C:2]_10_00_01,4,270
270,[C:1]-[P:3]=[O:2]>>Cl-[C:1].C-C-[O:2]-[P:3]_000_000_000,4,271
271,[c:1]:[n:2]:[c:3]:[n:4]>>O=[C:1].[N:2]=[C:3]\[N:4]_0200_0000_0000,4,272
272,[c:1]:[n:3]:[n:4]:[c:2]>>F-[c:1].O=[C:2].[N:3]-[N:4]_0012_0000_0000,4,273
273,[c:1]-[c:2]>>I-[c:1].I-[c:2]_00_00_00,4,274
274,[N:1]-[C:2]>>[N:1].O-[C:2]_10_00_02,4,275
275,[C:1]-[c:2]>>Br-[C:1].I-[c:2]_00_00_00,4,276
276,[c:1]-[C:2]>>C-C1(-C)-O-B(-[c:1])-O-C-1(-C)-C.F-C(-F)(-F)-S(=O)(=O)-O-[C:2]_00_00_00,4,277
277,[N:1]-[C:2]>>[N:1].F-[C:2]_10_00_00,4,278
278,[Br:1]-[C:2]-[C:3]>>[Br:1].[C:2]=[C:3]_10-1_000_000,4,279
279,[C:1]-[S:3]=[O:2]>>Br-[C:1].[O:2]-[S:3]_000_0-10_000,4,280
280,[c:3]1:[c:2]:[n:1]:[c:5]:[c:4]:1>>[N:1].O=[C:2]-[C:3]-[C:4]-[C:5]=O_30110_10000_00000,4,281
281,[c:1]-[S:3]=[O:2]>>I-[c:1].[O:2]-[S:3]_000_0-10_000,4,282
282,[C:1]-[N:3]-[C:2]=[O:4]>>[C:1]-[C:2]=[N:3]-[O:4]_00-11_0000_0000,4,283
283,[c:1]-[C:2]>>Cl-[c:1].C-B1-O-B(-C)-O-B(-[C:2])-O-1_00_00_00,4,284
284,[N:1]-[C:2]>>[N:1].C-S(=O)(=O)-O-[C:2]_00_-10_02,4,285
285,[O:4]-[c:3](:[c:1]):[c:5]:[c:6]:[n:2]>>[c:1].[N:2].C-C-O-[C:3](=[O:4])-[C:5]-[C:6]=O_120-110_000000_000000,4,286
286,[C:1]-[c:2]>>I-[C:1].O-B(-O)-[c:2]_00_00_00,4,287
287,[c:1]-[B:2]>>I-[c:1].C-C1(-C)-O-B(-[B:2])-O-C-1(-C)-C_00_00_00,4,288
288,[N:1]-[C:2]>>[N:1].C-S(=O)(=O)-O-[C:2]_00_-10_01,4,289
289,[N:1]-[C:2]>>[N:1].O=C(-O-[C:2])-c1:c:c:c:c:c:1_10_00_00,4,290
290,[O:1]-[S:2]>>[O:1].F-[S:2]_10_00_00,4,291
291,[c:1]:[c:2]>>[C:1].O=[C:2]_20_00_00,4,292
292,[C:1]1-[C:3]-[C:4]=[C:5]-[C:6]-[C:2]-1>>[C:1]=[C:2].[C:3]=[C:4]-[C:5]=[C:6]_000000_000000_000000,4,293
293,[C:1]1-[C:2]-[C:3]-[C:4]-[N:5]-[C:6]-1>>[c:1]1:[c:2]:[c:3]:[c:4]:[n:5]:[c:6]:1_-1-1-1-1-1-1_000000_000000,4,294
294,[N:1]-[C:2]>>[N:1].C-C-C-C-O-[C:2]_10_00_00,4,295
295,[c:4]1:[c:3]:[c:2]:[n:1]:[s:5]:1>>[N:1]-[C:2]=[C:3]-[C:4]=[S:5]_20000_00000_00000,4,296
296,[C:3]1-[C:1]-[C:2]-[C:6]-[C:5]=[C:4]-1>>[C:1]=[C:2].[C:3]=[C:4]-[C:5]=[C:6]_000000_000000_000000,4,297
297,[n:1]:[c:2]:[n:3]:[n:4]>>[n:1].O=[C:2].[N:3]-[N:4]_0121_0000_0000,5,298
298,[N:1]-[c:2]>>[N:1].Br-[c:2]_00_-10_00,5,299
299,[S:1]-[C:3]-[S:2]>>[S:1].[S:2].O=[C:3]_110_000_000,5,300
300,[n:1]-[C:2]>>[n:1].C-C(=O)-O-[C:2]_10_00_00,5,301
301,[C:1]-[c:2]>>Br-[C:1].C-C1(-C)-O-B(-[c:2])-O-C-1(-C)-C_00_00_00,5,302
302,[c:1]:[c:3]:[c:4]:[c:5]:[n:2]>>[c:1].[N:2].O=[C:3]/[C:4]=[C:5]_12001_00000_00000,5,303
303,[C:1]-[S:3]=[O:2]>>Cl-[C:1].[O:2]-[S:3]_000_0-10_000,5,304
304,[c:2]:[c:4]:[c:3]:[n:1]>>[N:1].O=[C:2].O=[C:3]-[C:4]_2002_0000_0000,5,305
305,[N:1]-[C:2]>>[N:1].C-C-O-[C:2]_20_10_00,5,306
306,[C:1]-[C:2]>>Br-[C:1].[C:2]-[Mg+]_00_00_00,5,307
307,[N:1]-[c:2]>>[N:1].Br-[c:2]_20_10_00,5,308
308,[c:1]:[c:3]:[c:4]:[c:5]:[n:2]>>[c:1].[N:2].O-[C:3]-[C:4](-O)-[C:5]-O_12101_00000_00000,5,309
309,[c:1]-[C:2]>>F-C(-F)(-F)-S(=O)(=O)-O-[c:1].C-C-C-C-[Sn](-[C:2])(-C-C-C-C)-C-C-C-C_00_00_00,6,310
310,[N:1]-[C:2]>>[N:1].C-C-C(=O)-O-[C:2]_10_00_00,6,311
311,[C:1]-[C:2]-[O:3]>>Cl-[C:1].[C:2]=[O:3]_00-1_000_000,6,312
312,[N:2]-[C:3]-[c:1]>>[c:1].[N:2].O=[C:3]_110_000_000,6,313
313,[S:1]-[c:2]>>[S:1].F-[c:2]_00_-10_00,6,314
314,[S:1]-[C:2]>>[S:1].Cl-[C:2]_00_-10_00,6,315
315,[c:1]-[c:2]>>I-[c:1].C-[Sn](-C)(-C)-[c:2]_00_00_00,6,316
316,[c:2]1:[c:3]:[c:4]:[c:5]:[n:1]:1>>[N:1].O=[C:2]-[C:3]-[C:4]-[C:5]=O_30110_10000_00000,6,317
317,[C:1]1-[C:3]-[O:2]-1>>[C:1]=[O:2].C-[S+](-C)(=O)-[C:3]_001_000_000,6,318
318,[N:1]-[C:2]>>[N:1].C-C(-C)(-C)-C(=O)-O-[C:2]_10_00_00,6,319
319,[C:1]-[C:2]>>[C:1].Cl-[C:2]_10_00_00,6,320
320,[C:1]-[c:2]>>F-C(-F)(-F)-S(=O)(=O)-O-[C:1].C-C-C-C-[Sn](-[c:2])(-C-C-C-C)-C-C-C-C_00_00_00,6,321
321,[c:1]:[n:2]:[c:3]:[c:4]>>Cl-[c:1].[N:2]-[C:3]=[C:4]_0100_0000_0000,6,322
322,[c:1]-[C:2]>>Br-[c:1].C-[Sn](-C)(-C)-[C:2]_00_00_00,6,323
323,[c:1]-[C:2]>>Br-[c:1].C-[Si](-C)(-C)-[C:2]_00_00_00,6,324
324,[N:1]-[C:2]>>[N:1].Cl-C-C(=O)-O-[C:2]_10_00_00,6,325
325,[c:1]-[C:2]>>Br-[c:1].Br-[C:2]_00_00_00,6,326
326,[c:2]:[c:3]:[n:1]>>[N:1].[C:2]#[C:3]_1-10_000_000,6,327
327,[C:1]-[c:2]>>Cl-[C:1].[Zn+]-[c:2]_00_00_00,6,328
328,[C:1]1-[C:2]-[C:3]-1>>I-[C:1]-I.[C:2]=[C:3]_000_000_000,6,329
329,[c:1]-[C:2]>>[c:1].Br-[C:2]_10_00_00,6,330
330,[c:4]1:[c:3]:[c:2]:[n:1]:[c:5]:1>>[N:1].O=[C:2]-[C:3]-[C:4]-[C:5]=O_20110_00000_00000,6,331
331,[N:1]-[c:2]>>O=C(-[N:1])-[c:2]_00_00_00,6,332
332,[c:1]:[n:2]:[n:3]:[c:4]>>Br-[c:1].[N:2]-[N:3]=[C:4]_0100_0000_0000,6,333
333,[C:1]=[C:2]>>Br-[C:1]-Br.O=[C:2]_00_00_00,6,334
334,[S:1]=[O:2]>>[S:1].O=S(-[O-])-O-[O:2]_01_00_00,7,335
335,[C:3]1-[C:1]-[O:2]-1>>[C:1]=[O:2].C-[S+](-C)(=O)-[C:3]_001_000_000,7,336
336,[n:1]:[c:3]:[n:2]>>[N:1].[N:2].O=[C:3]_211_000_000,7,337
337,[c:1]-[C:2]>>I-[c:1].O-B(-O)-[C:2]_00_00_00,7,338
338,[c:1]-[C:2]>>Br-[c:1].[C:2]-[Mg+]_00_00_00,7,339
339,[c:1]-[C:2]=[N:3]>>[c:1].O=[C:2]-[N:3]_101_000_000,7,340
340,[c:1]-[C:2]>>[c:1].C-C(=O)-O-[C:2]_10_00_00,7,341
341,[c:1]-[Sn:2]>>[c:1].Cl-[Sn:2]_10_00_00,7,342
342,[C:1]1-[C:2]-[C:3]-1>>[C:1]=[C:2].C-[S+](-C)(=O)-[C:3]_001_000_000,7,343
343,[C:1]=[C:2]>>O=[C:1].C-O-P(=O)(-[C:2])-O-C_01_00_00,7,344
344,[C:1]-[C:2]>>[C:1].Br-[C:2]_10_00_00,7,345
345,[c:2]:[c:3]:[c:4]:[n:1]>>[N:1].I-[c:2].[C:3]#[C:4]_1000_0000_0000,7,346
346,[c:1]-[c:2]>>Br-[c:1].Cl-[c:2]_00_00_00,7,347
347,[N:1]-[C:2]>>[N:1].C-O-[C:2]_20_10_00,7,348
348,[N:4]-[c:3](:[n:1]):[n:2]>>[N:1].[N:2].S=[C:3]=[N:4]_120-1_0000_0000,7,349
349,[N:1]-[O:2]>>[N:1].Cl-c1:c:c:c:c(-C(=O)-O-[O:2]):c:1_01_-11_00,7,350
350,[C:1]1-[C:2]-[C:3]-[C:4]=[C:5]-[C:6]-1>>[C:1]=[C:2].[C:3]=[C:4]-[C:5]=[C:6]_000000_000000_000000,8,351
351,[c:1]-[C:2]>>[Mg+]-[c:1].C-O-N(-C)-[C:2]_00_00_00,8,352
352,[c:1]-[C:2]>>I-[c:1].[C:2]-[Cu]_00_00_00,8,353
353,[S:1]-[c:2]>>[S:1].Br-[c:2]_00_-10_00,8,354
354,[c:1]1:[c:2]:[n:3]:[n:4]:[n:5]:1>>[C:1]#[C:2].[N:3]=[N:4]=[N:5]_00000_0001-1_00000,8,355
355,[C:1]-[c:2]>>C-C1(-C)-O-B(-[C:1])-O-C-1(-C)-C.F-C(-F)(-F)-S(=O)(=O)-O-[c:2]_00_00_00,8,356
356,[n:1]:[c:3]:[n:2]>>[N:1].[N:2].[C:3](-n1:c:c:n:c:1)-n1:c:c:n:c:1_110_000_000,8,357
357,[c:1]-[c:2]>>Br-[c:1].C-C1(-C)-C-O-B(-[c:2])-O-C-1_00_00_00,9,358
358,[c:1]-[S:3]=[O:2]>>Br-[c:1].[O:2]-[S:3]_000_0-10_000,9,359
359,[C:1]-[C:2]-[C:3]-[N:4]>>[c:1]:[c:2]:[c:3]:[n:4]_-1-1-1-1_0000_0000,9,360
360,[C:1]-[C:2]>>[C:1].C-S(=O)(=O)-O-[C:2]_00_-10_00,9,361
361,[c:1]-[C:2]>>I-[c:1].C-C-C-C-[Sn](-[C:2])(-C-C-C-C)-C-C-C-C_00_00_00,9,362
362,[N:1]-[C:3]-[N:2]>>[N:1].C-[Si](-C)(-C)-[N:2]=[C:3]_1-20_000_000,9,363
363,[c:2]:[n:4]:[c:3]:[n:1]>>[N:1].O-[C:2].O=[C:3]-[N:4]_2001_0000_0000,9,364
364,[c:1]-[C:2]>>Cl-[c:1].[C:2]-[Mg+]_00_00_00,9,365
365,[S:1]-[C:2]>>[S:1].I-[C:2]_10_00_00,9,366
366,[c:1]-[C:2]>>Cl-[c:1].[C:2]-[Zn+]_00_00_00,9,367
367,[c:1]-[Sn:2]>>Br-[c:1].Cl-[Sn:2]_00_00_00,9,368
368,[c:2]1:[c:1]:[s:5]:[c:4]:[n:3]:1>>Cl-[C:1]-[C:2]=O.[N:3]-[C:4]=[S:5]_10200_00000_00000,9,369
369,[c:1]-[I:2]>>N-[c:1].I-C-[I:2]_00_00_00,10,370
370,[c:1]-[C:2]>>Cl-[c:1].O-B(-O)-[C:2]_00_00_00,10,371
371,[N:1]-[C:2]>>[N:1].Cl-[C:2]_20_10_00,10,372
372,[c:1]1:[n:3]:[n:4]:[n:5]:[n:2]:1>>[C:1]#[N:2].C-[Si](-C)(-C)-[N:3]=[N:4]=[N:5]_00-100_0001-1_00000,10,373
373,[C:1]-[C:3]-[N:2]>>[C:1].[N:2].O=[C:3]_110_000_000,10,374
374,[c:1]:[n:2]:[c:3]:[n:4]>>O=[C:1].[N:2]-[C:3]=[N:4]_0200_0000_0000,10,375
375,[N:1]-[c:2]>>[N:1].F-[c:2]_20_10_00,11,376
376,[O:1]-[c:2]>>[O:1].Br-[c:2]_00_-10_00,11,377
377,[C:2]-[N:1]-[C:3]>>[N:1].[C:2]-O-[C:3]_200_000_000,11,378
378,[N:1]-[c:2]>>[N:1].Cl-[c:2]_20_10_00,11,379
379,[n:1]-[C:2]-[N:3]>>[n:1].[C:2]=[N:3]_10-1_000_000,11,380
380,[C:1]1-[C:2]-[C:3]-[N:4]-[C:5]-[C:6]-1>>[c:1]1:[c:2]:[c:3]:[n:4]:[c:5]:[c:6]:1_-1-1-1-1-1-1_000000_000000,11,381
381,[N:1]-[c:2]>>[N:1].Cl-[c:2]_00_-10_00,11,382
382,[c:1]-[C:2]>>Br-[c:1].C-B1-O-B(-C)-O-B(-[C:2])-O-1_00_00_00,11,383
383,[c:1]-[C:2]>>I-[c:1].C-[Si](-C)(-C)-[C:2]_00_00_00,11,384
384,[c:1]-[C:2]>>O-B(-O)-[c:1].F-C(-F)(-F)-S(=O)(=O)-O-[C:2]_00_00_00,12,385
385,[c:1]-[C:2]>>Br-[c:1].I-[C:2]_00_00_00,12,386
386,[O:1]-[C:2]>>[O:1].O-[C:2]_10_00_01,12,387
387,[c:3]1:[c:4]:[c:5]:[n:1]:[n:2]:1>>[N:1]-[N:2].O=[C:3]-[C:4]-[C:5]=O_21010_00000_00000,12,388
388,[C:1]=[C:2]>>O=[C:1].O=[C:2]_00_00_00,12,389
389,[C:2]-[N:1]-[C:3]>>[N:1].Br-[C:2].Br-[C:3]_200_000_000,12,390
390,[C:1]1-[C:2]-[C:3]-[C:4]-[C:5]-[N:6]-1>>[c:1]1:[c:2]:[c:3]:[c:4]:[c:5]:[n:6]:1_-1-1-1-1-1-1_000000_000000,12,391
391,[C:2]-[C:3]-[N:1]>>[N:1].[C:2].O=[C:3]_110_000_000,12,392
392,[c:1]:[n:2]:[c:3]:[c:4]>>F-[c:1].[N:2]-[C:3]=[C:4]_0100_0000_0000,12,393
393,[c:4]:[c:3]:[c:2]:[n:1]>>[N:1].C-C-O-[C:2]/[C:3]=[C:4]_1000_0000_0000,12,394
394,[C:1]-[Cl:2]>>O-[C:1].Cl-C(-Cl)(-Cl)-[Cl:2]_00_00_00,12,395
395,[C:1]=[O:2]>>[C:1]-[O:2]_11_00_20,13,396
396,[c:1]-[C:2]>>I-[c:1].C-C1(-C)-O-B(-[C:2])-O-C-1(-C)-C_00_00_00,13,397
397,[c:1]-[C:2]>>Br-[c:1].Cl-[C:2]_00_00_00,13,398
398,[C:1]-[c:2]>>Cl-[C:1].O-B(-O)-[c:2]_00_00_00,13,399
399,[C:2]1-[C:3]-[O:1]-1>>O-[O:1].[C:2]=[C:3]_100_000_000,13,400
400,[S:1]-[C:2]>>[S:1].Br-[C:2]_00_-10_00,14,401
401,[N:1]-[c:2]>>[N:1].O-B(-O)-[c:2]_10_00_00,14,402
402,[c:1]-[c:2]>>C-C1(-C)-O-B(-[c:1])-O-C-1(-C)-C.F-C(-F)(-F)-S(=O)(=O)-O-[c:2]_00_00_00,14,403
403,[C:1]-[P:3]=[O:2]>>Br-[C:1].C-C-[O:2]-[P:3]_000_000_000,14,404
404,[C:1]=[C:2]>>C=[C:1].C=[C:2]_00_00_00,15,405
405,[c:1]-[c:2]>>Br-[c:1].I-[c:2]_00_00_00,15,406
406,[c:1]-[c:2]>>Br-[c:1].C-[Sn](-C)(-C)-[c:2]_00_00_00,15,407
407,[c:1]-[C:2]>>Cl-[c:1].C-C1(-C)-O-B(-[C:2])-O-C-1(-C)-C_00_00_00,15,408
408,[c:4]1:[n:3]:[c:2]:[c:1]:[s:5]:1>>Cl-[C:1]-[C:2]=O.[N:3]-[C:4]=[S:5]_10200_00000_00000,15,409
409,[N:1]-[S:2]>>[N:1].O-[S:2]_10_00_00,16,410
410,[S:1]-[c:2]>>[S:1].Cl-[c:2]_00_-10_00,16,411
411,[N:1]-[C:2]>>[N:1].O-[C:2]_20_10_00,17,412
412,[N:1]-[C:2]>>[N:1].Cl-C(-Cl)(-Cl)-C-O-[C:2]_10_00_00,17,413
413,[C:1]-[C:3]-[N:2]>>[C:1].[N:2].O=[C:3]_010_-100_000,18,414
414,[N:1]=[C:2]>>[N:1].Cl-[C:2]-Cl_20_00_00,18,415
415,[O:1]-[C:2]>>[O:1].[C:2]=[N+]=[N-]_1-1_00_00,18,416
416,[S:1]-[c:2]>>[S:1].I-[c:2]_10_00_00,18,417
417,[N:1]-[c:2]>>[N:1].O-[c:2]_10_00_00,18,418
418,[n:1]:[c:3]:[n:2]>>[N:1].[N:2].O-[C:3]=O_210_000_000,18,419
419,[C:1]=[O:2]>>[C:1]-[O:2]_11_00_10,19,420
420,[C:1]-[c:2]>>[C:1].F-C(-F)(-F)-S(=O)(=O)-O-[c:2]_10_00_00,19,421
421,[c:1]-[c:2]>>Cl-[c:1].C-C-C-C-[Sn](-[c:2])(-C-C-C-C)-C-C-C-C_00_00_00,19,422
422,[c:1]-[C:2]>>Cl-[c:1].C-C-C-C-[Sn](-[C:2])(-C-C-C-C)-C-C-C-C_00_00_00,20,423
423,[c:1]-[c:2]>>I-[c:1].C-C-C-C-[Sn](-[c:2])(-C-C-C-C)-C-C-C-C_00_00_00,21,424
424,[C:1]=[C:2]>>[C:1]#[C:2]_-1-1_00_00,21,425
425,[O:1]-[c:2]>>[O:1].F-[c:2]_00_-10_00,21,426
426,[C:1]-[C:2]-[O:3]>>Br-[C:1].[C:2]=[O:3]_00-1_000_000,21,427
427,[C:1]-[c:2]>>Br-[C:1].O-B(-O)-[c:2]_00_00_00,22,428
428,[S:1]-[c:2]>>[S:1].F-[c:2]_10_00_00,23,429
429,[O:1]-[C:2]>>[O:1].Br-[C:2]_00_-10_00,24,430
430,[N:1]-[C:2]>>[N:1].C-S(=O)(=O)-O-[C:2]_00_-10_00,24,431
431,[N:1]-[C:2]>>[N:1].I-[C:2]_00_-10_00,24,432
432,[c:1]-[C:2]>>Br-[c:1].[C:2]-[Zn+]_00_00_00,24,433
433,[C:2]-[N:1]-[C:3]>>[N:1].Cl-[C:2].Cl-[C:3]_200_000_000,24,434
434,[C:1]-[c:2]>>[C:1].Cl-[c:2]_10_00_00,24,435
435,[O:1]-[C:2]>>[O:1].O-[C:2]_10_00_02,24,436
436,[O:1]-[C:2]>>[O:1].Cl-[C:2]_00_-10_00,26,437
437,[c:3]1:[c:4]:[c:5]:[n:1]:[n:2]:1>>[N:1]-[N:2].O=[C:3]-[C:4]-[C:5]=O_12010_00000_00000,27,438
438,[c:1]1:[c:2]:[n:3]:[n:4]:[n:5]:1>>[C:1]#[C:2].[N:3]=[N:4]=[N:5]_00000_00-110_00000,27,439
439,[O:1]-[c:2]>>[O:1].O-[c:2]_10_00_00,27,440
440,[n:1]-[C:2]>>[n:1].O-[C:2]_10_00_00,27,441
441,[c:1]-[C:2]>>Br-[c:1].C-C1(-C)-O-B(-[C:2])-O-C-1(-C)-C_00_00_00,28,442
442,[O:1]-[c:2]>>[O:1].O-B(-O)-[c:2]_10_00_00,28,443
443,[O:1]-[c:2]>>[O:1].I-[c:2]_10_00_00,28,444
444,[c:1]1:[n:2]:[n:3]:[n:4]:[n:5]:1>>[C:1]#[N:2].[N:3]=[N:4]=[N:5]_0000-1_00-11-1_00000,29,445
445,[N:1]-[C:2]>>[N:1].O=[C:2]_2-1_10_00,29,446
446,[c:1]1:[n:3]:[n:4]:[n:5]:[n:2]:1>>[C:1]#[N:2].[N:3]=[N:4]=[N:5]_00-100_00-11-1_00000,29,447
447,[c:4]1:[n:3]:[n:2]:[c:1]:[o:5]:1>>O=[C:1]-[N:2]-[N:3]-[C:4]=[O:5]_01100_00000_00000,30,448
448,[c:1]-[C:2]-[O:3]>>[Mg+]-[c:1].[C:2]=[O:3]_00-1_000_000,30,449
449,[C:1]1-[C:2]-[O:3]-1>>[C:1]=[C:2].Cl-c1:c:c:c:c(-C(=O)-O-[O:3]):c:1_001_000_000,30,450
450,[C:1]-[C:2]>>[C:1].Br-[C:2]_00_-10_00,30,451
451,[c:1]-[c:2]>>Br-[c:1].Br-[c:2]_00_00_00,30,452
452,[S:1]=[O:2]>>[S:1].O-[O:2]_01_00_00,31,453
453,[c:1]-[B:2]>>Br-[c:1].C-C1(-C)-O-B(-[B:2])-O-C-1(-C)-C_00_00_00,32,454
454,[c:1]1:[c:2]:[n:3]:[c:4]:[s:5]:1>>Br-[C:1]-[C:2]=O.[N:3]-[C:4]=[S:5]_10200_00000_00000,32,455
455,[c:2]1:[c:1]:[s:5]:[c:4]:[n:3]:1>>Br-[C:1]-[C:2]=O.[N:3]-[C:4]=[S:5]_10200_00000_00000,33,456
456,[c:1]-[C:2]>>Br-[c:1].[C:2]-[Cu]_00_00_00,33,457
457,[C:1]-[C:2]>>[C:1]-[Mg+].C-O-N(-C)-[C:2]_00_00_00,33,458
458,[N:1]-[c:2]>>[N:1].F-C(-F)(-F)-S(=O)(=O)-O-[c:2]_10_00_00,36,459
459,[C:1]=[C:2]>>O=[C:1].[C:2]=P(-c1:c:c:c:c:c:1)(-c1:c:c:c:c:c:1)-c1:c:c:c:c:c:1_00_00_00,37,460
460,[N:1]-[C:3]-[c:2]>>[N:1].[c:2].O=[C:3]_110_000_000,37,461
461,[C:1]-[N:2]>>[C:1]=[N:2]_-1-1_00_00,37,462
462,[c:1]-[C:2]>>Br-[c:1].C-C-C-C-[Sn](-[C:2])(-C-C-C-C)-C-C-C-C_00_00_00,37,463
463,[c:1]:[c:4]:[c:3]:[n:2]>>[c:1].N-[N:2].O=[C:3]-[C:4]_1002_0000_0000,39,464
464,[c:1]-[C:2]>>Br-[c:1].C-N(-C)-[C:2]_00_00_00,40,465
465,[S:1]-[c:2]>>[S:1].Br-[c:2]_10_00_00,41,466
466,[n:1]-[O:2]>>[n:1].Cl-c1:c:c:c:c(-C(=O)-O-[O:2]):c:1_01_-11_00,41,467
467,[N:1]-[C:2]>>[N:1].C-C(-C)(-C)-O-[C:2]_10_00_00,42,468
468,[n:1]-[C:2]>>[n:1].C-C(-C)(-C)-O-C(=O)-O-[C:2]_10_00_00,42,469
469,[c:1]-[C:2]>>Br-[c:1].O-B(-O)-[C:2]_00_00_00,42,470
470,[n:1]-[c:2]>>[n:1].I-[c:2]_10_00_00,42,471
471,[c:1]-[C:2]>>Br-[c:1].C-O-N(-C)-[C:2]_00_00_00,42,472
472,[N:1]-[C:2]>>[N:1].Cl-[C:2]_00_-10_00,43,473
473,[c:1]-[c:2]>>O-B(-O)-[c:1].F-C(-F)(-F)-S(=O)(=O)-O-[c:2]_00_00_00,43,474
474,[n:1]-[c:2]>>[n:1].O-B(-O)-[c:2]_10_00_00,46,475
475,[C:2]-[O:4]-[C:3]-[O:1]>>[O:1].O-[C:2].[C:3]=[O:4]_1000_0000_0000,47,476
476,[C:1]-[C:2]-[O:3]>>[C:1].[C:2]=[O:3]_10-1_000_000,48,477
477,[C:1]-[C:2]>>[c:1]:[c:2]_-1-1_00_00,48,478
478,[c:4]1:[n:3]:[c:2]:[c:1]:[s:5]:1>>Br-[C:1]-[C:2]=O.[N:3]-[C:4]=[S:5]_10200_00000_00000,49,479
479,[n:1]-[C:2]>>[n:1].C-S(=O)(=O)-O-[C:2]_10_00_00,49,480
480,[n:1]-[S:2]>>[n:1].Cl-[S:2]_10_00_00,52,481
481,[O:1]-[C:2]>>[O:1].C-S(=O)(=O)-O-[C:2]_10_00_00,54,482
482,[c:1]-[c:2]>>Br-[c:1].C-C-C-C-[Sn](-[c:2])(-C-C-C-C)-C-C-C-C_00_00_00,56,483
483,[N:1]-[C:2]>>[N:1].[C:2]-[O-]_10_00_00,56,484
484,[n:1]:[c:3]:[n:2]>>[N:1].[N:2].O-[C:3]=O_120_000_000,58,485
485,[C:1]-[Br:2]>>O-[C:1].Br-C(-Br)(-Br)-[Br:2]_00_00_00,60,486
486,[C:1]-[c:2]>>[C:1].Br-[c:2]_00_-10_00,60,487
487,[O:1]-[c:2]>>[O:1].Cl-[c:2]_00_-10_00,63,488
488,[O:1]-[C:2]-[N:3]>>[O:1].[C:2]=[N:3]_10-1_000_000,65,489
489,[n:1]-[c:2]>>[n:1].F-[c:2]_10_00_00,65,490
490,[S:1]-[c:2]>>[S:1].Cl-[c:2]_10_00_00,66,491
491,[c:2]1:[c:3]:[c:4]:[c:5]:[n:1]:1>>[N:1].O=[C:2]-[C:3]-[C:4]-[C:5]=O_20110_00000_00000,68,492
492,[C:1]-[C:2]>>[C:1]#[C:2]_-2-2_00_00,71,493
493,[c:1]-[C:2]>>[c:1].C-N(-C)-[C:2]_10_00_00,75,494
494,[N:1]-[C:2]>>[N:1].F-C(-F)(-F)-C(=O)-O-[C:2]_10_00_00,76,495
495,[N:1]-[C:2]>>[N:1].Br-[C:2]_00_-10_00,77,496
496,[n:1]-[c:2]>>[n:1].Br-[c:2]_10_00_00,86,497
497,[c:1]-[c:2]>>I-[c:1].C-C1(-C)-O-B(-[c:2])-O-C-1(-C)-C_00_00_00,88,498
498,[C:1]=[C:2]>>O=[C:1].C-C-O-P(=O)(-[C:2])-O-C-C_01_00_00,89,499
499,[n:1]-[c:2]>>[n:1].Cl-[c:2]_10_00_00,91,500
500,[O:1]-[c:2]>>[O:1].Br-[c:2]_10_00_00,94,501
501,[S:1]-[C:2]>>[S:1].Cl-[C:2]_10_00_00,100,502
502,[C:2]-[C:3]-[O:1]>>[O:1].[C:2]=[C:3]_1-10_000_000,107,503
503,[N:1]-[c:2]>>[N:1].I-[c:2]_10_00_00,107,504
504,[S:1]-[C:2]>>[S:1].Br-[C:2]_10_00_00,108,505
505,[S:1]=[O:2]>>[S:1].Cl-c1:c:c:c:c(-C(=O)-O-[O:2]):c:1_01_00_00,109,506
506,[c:1]-[C:2]>>[c:1].Cl-[C:2]_10_00_00,109,507
507,[N:1]-[C:2]>>[N:1].C-S(=O)(=O)-O-[C:2]_10_00_00,119,508
508,[C:1]=[C:2]>>O=[C:1].[C:2]-[P+](-c1:c:c:c:c:c:1)(-c1:c:c:c:c:c:1)-c1:c:c:c:c:c:1_01_00_00,142,509
509,[c:1]-[c:2]>>Cl-[c:1].C-C1(-C)-O-B(-[c:2])-O-C-1(-C)-C_00_00_00,142,510
510,[c:1]-[c:2]>>I-[c:1].O-B(-O)-[c:2]_00_00_00,146,511
511,[C:1]-[C:2]-[O:3]>>[C:1]-[Mg+].[C:2]=[O:3]_00-1_000_000,153,512
512,[C:1]-[Br:2]>>[C:1].O=C1-C-C-C(=O)-N-1-[Br:2]_10_00_00,157,513
513,[n:1]-[C:2]>>[n:1].I-[C:2]_10_00_00,164,514
514,[N:1]-[C:2]>>[N:1].C-C(=O)-O-[C:2]_10_00_00,174,515
515,[C:1]-[N:2]>>[C:1]#[N:2]_-2-2_00_00,179,516
516,[C:1]-[c:2]>>[C:1].I-[c:2]_10_00_00,212,517
517,[O:1]-[c:2]>>[O:1].F-[c:2]_10_00_00,235,518
518,[c:1]-[c:2]>>Cl-[c:1].O-B(-O)-[c:2]_00_00_00,245,519
519,[N:1]-[C:2]>>[N:1].I-[C:2]_10_00_00,258,520
520,[C:1]-[c:2]>>[C:1].Br-[c:2]_10_00_00,265,521
521,[C:1]=[C:2]>>[C:1].O=[C:2]_20_00_00,266,522
522,[N:1]-[C:2]>>[N:1].C-O-[C:2]_10_00_00,271,523
523,[N:1]-[C:2]>>[N:1].C-C-O-[C:2]_10_00_00,287,524
524,[n:1]-[C:2]>>[n:1].Cl-[C:2]_10_00_00,307,525
525,[O:1]-[C:2]>>[O:1].I-[C:2]_10_00_00,307,526
526,[N:1]-[C:2]>>[N:1].C-C(-C)(-C)-O-C(=O)-O-[C:2]_10_00_00,323,527
527,[O:1]-[S:2]>>[O:1].Cl-[S:2]_10_00_00,366,528
528,[N:1]-[c:2]>>[N:1].F-[c:2]_10_00_00,393,529
529,[C:1]=[O:2]>>[C:1]-[O:2]_11_00_00,413,530
530,[C:1]-[C:2]>>[C:1]=[C:2]_-1-1_00_00,442,531
531,[N:1]=[C:2]>>[N:1].O=[C:2]_20_00_00,447,532
532,[c:1]-[c:2]>>Br-[c:1].C-C1(-C)-O-B(-[c:2])-O-C-1(-C)-C_00_00_00,452,533
533,[O:1]-[c:2]>>[O:1].Cl-[c:2]_10_00_00,452,534
534,[n:1]-[C:2]>>[n:1].Br-[C:2]_10_00_00,457,535
535,[N:1]-[c:2]>>[N:1].Br-[c:2]_10_00_00,553,536
536,[N:1]-[C:2]-[N:3]>>[N:1].[C:2]=[N:3]_10-1_000_000,566,537
537,[C:1]-[O:2]>>[C:1]=[O:2]_-1-1_00_00,573,538
538,[O:1]-[C:2]>>[O:1].Cl-[C:2]_10_00_00,782,539
539,[O:1]-[C:2]>>[O:1].O-[C:2]_10_00_00,804,540
540,[N:1]-[S:2]>>[N:1].Cl-[S:2]_10_00_00,828,541
541,[c:1]-[c:2]>>Br-[c:1].O-B(-O)-[c:2]_00_00_00,900,542
542,[O:1]-[C:2]>>[O:1].Br-[C:2]_10_00_00,924,543
543,[N:1]-[C:2]>>[N:1].Br-[C:2]_10_00_00,955,544
544,[N:1]-[C:2]>>[N:1].O=[C:2]_1-1_00_00,1299,545
545,[N:1]-[c:2]>>[N:1].Cl-[c:2]_10_00_00,1916,546
546,[N:1]-[C:2]>>[N:1].Cl-[C:2]_10_00_00,2537,547
547,[N:1]-[C:2]>>[N:1].O-[C:2]_10_00_00,4537,548
